countyName,perCapitaPersonalIncome
"Autauga, AL",26331
"Baldwin, AL",29093
"Barbour, AL",21303
"Bibb, AL",20529
"Blount, AL",22532
"Bullock, AL",18657
"Butler, AL",23643
"Calhoun, AL",26461
"Chambers, AL",22799
"Cherokee, AL",22145
"Chilton, AL",22445
"Choctaw, AL",22215
"Clarke, AL",23035
"Clay, AL",22389
"Cleburne, AL",23057
"Coffee, AL",29174
"Colbert, AL",23898
"Conecuh, AL",21973
"Coosa, AL",21213
"Covington, AL",24455
"Crenshaw, AL",26656
"Cullman, AL",24971
"Dale, AL",23965
"Dallas, AL",23106
"DeKalb, AL",24475
"Elmore, AL",25740
"Escambia, AL",21227
"Etowah, AL",25101
"Fayette, AL",22039
"Franklin, AL",23133
"Geneva, AL",24122
"Greene, AL",22296
"Hale, AL",19713
"Henry, AL",22613
"Houston, AL",29040
"Jackson, AL",23587
"Jefferson, AL",36963
"Lamar, AL",20757
"Lauderdale, AL",24890
"Lawrence, AL",23406
"Lee, AL",23497
"Limestone, AL",25760
"Lowndes, AL",20717
"Macon, AL",18714
"Madison, AL",32638
"Marengo, AL",25534
"Marion, AL",22765
"Marshall, AL",26620
"Mobile, AL",24230
"Monroe, AL",22976
"Montgomery, AL",32959
"Morgan, AL",29781
"Perry, AL",20190
"Pickens, AL",22676
"Pike, AL",27002
"Randolph, AL",21210
"Russell, AL",22698
"St. Clair, AL",25544
"Shelby, AL",37335
"Sumter, AL",19512
"Talladega, AL",25250
"Tallapoosa, AL",23938
"Tuscaloosa, AL",28459
"Walker, AL",24786
"Washington, AL",21014
"Wilcox, AL",18313
"Winston, AL",22086
"Aleutians East, AK",26651
"Aleutians West, AK",26710
"Anchorage, AK",39206
"Bethel, AK",24113
"Bristol Bay, AK",38285
"Denali, AK",41671
"Dillingham, AK",29393
"Fairbanks North Star, AK",29602
"Haines, AK",38225
"Hoonah-Angoon, AK",32300
"Juneau, AK",36840
"Kenai Peninsula, AK",29828
"Ketchikan Gateway, AK",38614
"Kodiak Island, AK",31597
"Lake and Peninsula, AK",27144
"Matanuska-Susitna, AK",29587
"Nome, AK",25673
"North Slope, AK",40510
"Northwest Arctic, AK",24993
"Petersburg, AK",32254
"Prince of Wales-Hyder, AK",22349
"Sitka, AK",31825
"Skagway, AK",0
"Southeast Fairbanks, AK",30107
"Valdez-Cordova, AK",34267
"Wade Hampton, AK",15371
"Wrangell, AK",0
"Yakutat, AK",32726
"Yukon-Koyukuk, AK",24803
"Apache, AZ",17749
"Cochise, AZ",25155
"Coconino, AZ",26443
"Gila, AZ",22971
"Graham, AZ",18176
"Greenlee, AZ",24127
"La Paz, AZ",19746
"Maricopa, AZ",31715
"Mohave, AZ",21068
"Navajo, AZ",17580
"Pima, AZ",27261
"Pinal, AZ",20769
"Santa Cruz, AZ",19393
"Yavapai, AZ",23889
"Yuma, AZ",20280
"Arkansas, AR",28224
"Ashley, AR",22797
"Baxter, AR",24763
"Benton, AR",29222
"Boone, AR",23171
"Bradley, AR",22244
"Calhoun, AR",20995
"Carroll, AR",21166
"Chicot, AR",20391
"Clark, AR",22478
"Clay, AR",21018
"Cleburne, AR",24604
"Cleveland, AR",25064
"Columbia, AR",25835
"Conway, AR",24200
"Craighead, AR",24569
"Crawford, AR",21351
"Crittenden, AR",23735
"Cross, AR",20350
"Dallas, AR",22733
"Desha, AR",20645
"Drew, AR",22596
"Faulkner, AR",24765
"Franklin, AR",23458
"Fulton, AR",19045
"Garland, AR",26758
"Grant, AR",25317
"Greene, AR",21765
"Hempstead, AR",22059
"Hot Spring, AR",21382
"Howard, AR",24152
"Independence, AR",24456
"Izard, AR",20375
"Jackson, AR",22292
"Jefferson, AR",23272
"Johnson, AR",20178
"Lafayette, AR",21692
"Lawrence, AR",20028
"Lee, AR",19066
"Lincoln, AR",18349
"Little River, AR",23672
"Logan, AR",21123
"Lonoke, AR",25037
"Madison, AR",22060
"Marion, AR",20070
"Miller, AR",25217
"Mississippi, AR",23026
"Monroe, AR",21551
"Montgomery, AR",20578
"Nevada, AR",23402
"Newton, AR",18439
"Ouachita, AR",22803
"Perry, AR",23714
"Phillips, AR",20927
"Pike, AR",23077
"Poinsett, AR",20855
"Polk, AR",20598
"Pope, AR",23400
"Prairie, AR",23216
"Pulaski, AR",35556
"Randolph, AR",19575
"St. Francis, AR",19576
"Saline, AR",27714
"Scott, AR",21842
"Searcy, AR",17819
"Sebastian, AR",29591
"Sevier, AR",21708
"Sharp, AR",18681
"Stone, AR",20143
"Union, AR",30267
"Van Buren, AR",20351
"Washington, AR",26794
"White, AR",21648
"Woodruff, AR",20567
"Yell, AR",21995
"Alameda, CA",41083
"Alpine, CA",31913
"Amador, CA",29415
"Butte, CA",25781
"Calaveras, CA",28182
"Colusa, CA",27086
"Contra Costa, CA",47797
"Del Norte, CA",20866
"El Dorado, CA",39705
"Fresno, CA",25293
"Glenn, CA",22824
"Humboldt, CA",26957
"Imperial, CA",21451
"Inyo, CA",28957
"Kern, CA",24186
"Kings, CA",20837
"Lake, CA",26807
"Lassen, CA",20753
"Los Angeles, CA",33167
"Madera, CA",21954
"Marin, CA",74230
"Mariposa, CA",25663
"Mendocino, CA",28249
"Merced, CA",22955
"Modoc, CA",25004
"Mono, CA",34809
"Monterey, CA",34362
"Napa, CA",42025
"Nevada, CA",35818
"Orange, CA",42420
"Placer, CA",40067
"Plumas, CA",31243
"Riverside, CA",26406
"Sacramento, CA",32274
"San Benito, CA",30534
"San Bernardino, CA",25173
"San Diego, CA",38567
"San Francisco, CA",56366
"San Joaquin, CA",25785
"San Luis Obispo, CA",32524
"San Mateo, CA",56788
"Santa Barbara, CA",38251
"Santa Clara, CA",48958
"Santa Cruz, CA",40632
"Shasta, CA",28163
"Sierra, CA",24513
"Siskiyou, CA",26260
"Solano, CA",32020
"Sonoma, CA",38887
"Stanislaus, CA",26132
"Sutter, CA",27680
"Tehama, CA",22115
"Trinity, CA",23736
"Tulare, CA",23211
"Tuolumne, CA",27714
"Ventura, CA",38545
"Yolo, CA",29727
"Yuba, CA",23003
"Adams, CO",28228
"Alamosa, CO",23565
"Arapahoe, CO",45486
"Archuleta, CO",21583
"Baca, CO",25591
"Bent, CO",16943
"Boulder, CO",42833
"Broomfield, CO",31319
"Chaffee, CO",23967
"Cheyenne, CO",30049
"Clear Creek, CO",45735
"Conejos, CO",18084
"Costilla, CO",20465
"Crowley, CO",14506
"Custer, CO",26119
"Delta, CO",22391
"Denver, CO",44659
"Dolores, CO",24503
"Douglas, CO",41136
"Eagle, CO",41315
"Elbert, CO",35082
"El Paso, CO",31385
"Fremont, CO",20278
"Garfield, CO",29893
"Gilpin, CO",34768
"Grand, CO",31784
"Gunnison, CO",27625
"Hinsdale, CO",25703
"Huerfano, CO",19183
"Jackson, CO",22311
"Jefferson, CO",40919
"Kiowa, CO",30963
"Kit Carson, CO",25357
"Lake, CO",21865
"La Plata, CO",31360
"Larimer, CO",32176
"Las Animas, CO",22690
"Lincoln, CO",19637
"Logan, CO",24548
"Mesa, CO",27131
"Mineral, CO",26817
"Moffat, CO",26948
"Montezuma, CO",24882
"Montrose, CO",25504
"Morgan, CO",23797
"Otero, CO",23886
"Ouray, CO",34943
"Park, CO",28689
"Phillips, CO",23024
"Pitkin, CO",72816
"Prowers, CO",24027
"Pueblo, CO",25002
"Rio Blanco, CO",29950
"Rio Grande, CO",25020
"Routt, CO",39497
"Saguache, CO",17146
"San Juan, CO",26716
"San Miguel, CO",39170
"Sedgwick, CO",25715
"Summit, CO",35304
"Teller, CO",32178
"Washington, CO",23974
"Weld, CO",24140
"Yuma, CO",27948
"Fairfield, CT",65087
"Hartford, CT",41653
"Litchfield, CT",40416
"Middlesex, CT",42039
"New Haven, CT",38082
"New London, CT",37952
"Tolland, CT",35706
"Windham, CT",29987
"Kent, DE",27254
"New Castle, DE",40016
"Sussex, DE",28662
"Alachua, FL",28269
"Baker, FL",23011
"Bay, FL",28678
"Bradford, FL",21382
"Brevard, FL",30597
"Broward, FL",34680
"Calhoun, FL",18011
"Charlotte, FL",28408
"Citrus, FL",25145
"Clay, FL",28699
"Collier, FL",50380
"Columbia, FL",21438
"DeSoto, FL",17641
"Dixie, FL",17684
"Duval, FL",32502
"Escambia, FL",26694
"Flagler, FL",26658
"Franklin, FL",24768
"Gadsden, FL",22805
"Gilchrist, FL",23131
"Glades, FL",17813
"Gulf, FL",20315
"Hamilton, FL",14954
"Hardee, FL",18029
"Hendry, FL",21173
"Hernando, FL",25582
"Highlands, FL",22861
"Hillsborough, FL",32068
"Holmes, FL",20472
"Indian River, FL",47359
"Jackson, FL",20686
"Jefferson, FL",23889
"Lafayette, FL",16450
"Lake, FL",27960
"Lee, FL",36023
"Leon, FL",29830
"Levy, FL",21251
"Liberty, FL",20375
"Madison, FL",19132
"Manatee, FL",33799
"Marion, FL",25770
"Martin, FL",48801
"Miami-Dade, FL",29830
"Monroe, FL",44016
"Nassau, FL",35910
"Okaloosa, FL",32919
"Okeechobee, FL",20462
"Orange, FL",30069
"Osceola, FL",21025
"Palm Beach, FL",48422
"Pasco, FL",25045
"Pinellas, FL",36055
"Polk, FL",27736
"Putnam, FL",20848
"St. Johns, FL",41834
"St. Lucie, FL",25782
"Santa Rosa, FL",26642
"Sarasota, FL",46440
"Seminole, FL",36480
"Sumter, FL",20868
"Suwannee, FL",22123
"Taylor, FL",21679
"Union, FL",15215
"Volusia, FL",27206
"Wakulla, FL",23073
"Walton, FL",23705
"Washington, FL",20107
"Appling, GA",20476
"Atkinson, GA",19177
"Bacon, GA",19938
"Baker, GA",19476
"Baldwin, GA",23263
"Banks, GA",25998
"Barrow, GA",24157
"Bartow, GA",26345
"Ben Hill, GA",23246
"Berrien, GA",23310
"Bibb, GA",30128
"Bleckley, GA",23623
"Brantley, GA",20352
"Brooks, GA",21295
"Bryan, GA",27956
"Bulloch, GA",19837
"Burke, GA",19263
"Butts, GA",22579
"Calhoun, GA",17816
"Camden, GA",24129
"Candler, GA",21001
"Carroll, GA",23804
"Catoosa, GA",23916
"Charlton, GA",17403
"Chatham, GA",31955
"Chattahoochee, GA",16706
"Chattooga, GA",19381
"Cherokee, GA",30726
"Clarke, GA",22469
"Clay, GA",24196
"Clayton, GA",21992
"Clinch, GA",18315
"Cobb, GA",37924
"Coffee, GA",21425
"Colquitt, GA",20581
"Columbia, GA",33260
"Cook, GA",18606
"Coweta, GA",27888
"Crawford, GA",23591
"Crisp, GA",21575
"Dade, GA",22428
"Dawson, GA",29297
"Decatur, GA",21163
"DeKalb, GA",33901
"Dodge, GA",19345
"Dooly, GA",19557
"Dougherty, GA",24962
"Douglas, GA",26221
"Early, GA",24140
"Echols, GA",17347
"Effingham, GA",24501
"Elbert, GA",22781
"Emanuel, GA",21073
"Evans, GA",20878
"Fannin, GA",22776
"Fayette, GA",38799
"Floyd, GA",27108
"Forsyth, GA",33016
"Franklin, GA",24521
"Fulton, GA",47532
"Gilmer, GA",22867
"Glascock, GA",21917
"Glynn, GA",33458
"Gordon, GA",24230
"Grady, GA",20875
"Greene, GA",26489
"Gwinnett, GA",30356
"Habersham, GA",24150
"Hall, GA",25923
"Hancock, GA",17184
"Haralson, GA",23151
"Harris, GA",33448
"Hart, GA",21972
"Heard, GA",20613
"Henry, GA",26261
"Houston, GA",27059
"Irwin, GA",20192
"Jackson, GA",25661
"Jasper, GA",23126
"Jeff Davis, GA",21110
"Jefferson, GA",20476
"Jenkins, GA",18760
"Johnson, GA",19023
"Jones, GA",25310
"Lamar, GA",23872
"Lanier, GA",21193
"Laurens, GA",23802
"Lee, GA",22652
"Liberty, GA",21003
"Lincoln, GA",22587
"Long, GA",17880
"Lowndes, GA",24219
"Lumpkin, GA",23685
"McDuffie, GA",26036
"McIntosh, GA",20905
"Macon, GA",20014
"Madison, GA",25465
"Marion, GA",23619
"Meriwether, GA",20948
"Miller, GA",23723
"Mitchell, GA",18813
"Monroe, GA",27373
"Montgomery, GA",19774
"Morgan, GA",29551
"Murray, GA",21532
"Muscogee, GA",29702
"Newton, GA",22271
"Oconee, GA",33304
"Oglethorpe, GA",23691
"Paulding, GA",24073
"Peach, GA",23167
"Pickens, GA",29796
"Pierce, GA",21363
"Pike, GA",24472
"Polk, GA",21090
"Pulaski, GA",25728
"Putnam, GA",26527
"Quitman, GA",22229
"Rabun, GA",24969
"Randolph, GA",20268
"Richmond, GA",25261
"Rockdale, GA",28920
"Schley, GA",21920
"Screven, GA",19667
"Seminole, GA",22284
"Spalding, GA",24721
"Stephens, GA",24084
"Stewart, GA",21774
"Sumter, GA",23321
"Talbot, GA",20562
"Taliaferro, GA",19680
"Tattnall, GA",20306
"Taylor, GA",20166
"Telfair, GA",17344
"Terrell, GA",20603
"Thomas, GA",27361
"Tift, GA",23426
"Toombs, GA",22767
"Towns, GA",25417
"Treutlen, GA",16948
"Troup, GA",25980
"Turner, GA",19863
"Twiggs, GA",19961
"Union, GA",23975
"Upson, GA",20886
"Walker, GA",23156
"Walton, GA",25234
"Ware, GA",21888
"Warren, GA",20758
"Washington, GA",23845
"Wayne, GA",21981
"Webster, GA",23640
"Wheeler, GA",17347
"White, GA",23346
"Whitfield, GA",29031
"Wilcox, GA",20533
"Wilkes, GA",21593
"Wilkinson, GA",21160
"Worth, GA",22888
"Hawaii, HI",25373
"Honolulu, HI",34953
"Kalawao, HI",0
"Kauai, HI",27650
"Maui, HI",29536
"Ada, ID",37700
"Adams, ID",26267
"Bannock, ID",24109
"Bear Lake, ID",21233
"Benewah, ID",23701
"Bingham, ID",21243
"Blaine, ID",51013
"Boise, ID",23371
"Bonner, ID",23890
"Bonneville, ID",28552
"Boundary, ID",19090
"Butte, ID",23729
"Camas, ID",25260
"Canyon, ID",19683
"Caribou, ID",25519
"Cassia, ID",24288
"Clark, ID",26171
"Clearwater, ID",24207
"Custer, ID",23479
"Elmore, ID",24144
"Franklin, ID",21958
"Fremont, ID",19920
"Gem, ID",21117
"Gooding, ID",30234
"Idaho, ID",21611
"Jefferson, ID",21192
"Jerome, ID",26917
"Kootenai, ID",26125
"Latah, ID",24973
"Lemhi, ID",23131
"Lewis, ID",26299
"Lincoln, ID",22222
"Madison, ID",14342
"Minidoka, ID",19637
"Nez Perce, ID",27488
"Oneida, ID",18314
"Owyhee, ID",21978
"Payette, ID",23582
"Power, ID",20557
"Shoshone, ID",25101
"Teton, ID",23131
"Twin Falls, ID",25392
"Valley, ID",32696
"Washington, ID",21402
"Adams, IL",29111
"Alexander, IL",18919
"Bond, IL",26081
"Boone, IL",27354
"Brown, IL",21343
"Bureau, IL",29562
"Calhoun, IL",25530
"Carroll, IL",26039
"Cass, IL",26696
"Champaign, IL",29029
"Christian, IL",26746
"Clark, IL",25850
"Clay, IL",25745
"Clinton, IL",30434
"Coles, IL",25032
"Cook, IL",37772
"Crawford, IL",26507
"Cumberland, IL",26419
"DeKalb, IL",26900
"De Witt, IL",28193
"Douglas, IL",27808
"DuPage, IL",47274
"Edgar, IL",25227
"Edwards, IL",26587
"Effingham, IL",28302
"Fayette, IL",22517
"Ford, IL",30544
"Franklin, IL",22875
"Fulton, IL",25611
"Gallatin, IL",22849
"Greene, IL",23509
"Grundy, IL",31108
"Hamilton, IL",23677
"Hancock, IL",27301
"Hardin, IL",20922
"Henderson, IL",25932
"Henry, IL",28776
"Iroquois, IL",26643
"Jackson, IL",25759
"Jasper, IL",27797
"Jefferson, IL",24915
"Jersey, IL",28258
"Jo Daviess, IL",33765
"Johnson, IL",18726
"Kane, IL",31742
"Kankakee, IL",26552
"Kendall, IL",30522
"Knox, IL",25528
"Lake, IL",48353
"LaSalle, IL",27774
"Lawrence, IL",24617
"Lee, IL",26619
"Livingston, IL",30169
"Logan, IL",24378
"McDonough, IL",23105
"McHenry, IL",34435
"McLean, IL",32288
"Macon, IL",31342
"Macoupin, IL",26980
"Madison, IL",29585
"Marion, IL",25220
"Marshall, IL",29715
"Mason, IL",26836
"Massac, IL",24449
"Menard, IL",31323
"Mercer, IL",28528
"Monroe, IL",33461
"Montgomery, IL",24036
"Morgan, IL",25926
"Moultrie, IL",26526
"Ogle, IL",26950
"Peoria, IL",32459
"Perry, IL",21130
"Piatt, IL",33005
"Pike, IL",24465
"Pope, IL",21670
"Pulaski, IL",20485
"Putnam, IL",30254
"Randolph, IL",23290
"Richland, IL",24943
"Rock Island, IL",30319
"St. Clair, IL",28848
"Saline, IL",24221
"Sangamon, IL",33295
"Schuyler, IL",28564
"Scott, IL",24017
"Shelby, IL",24622
"Stark, IL",28629
"Stephenson, IL",28866
"Tazewell, IL",31679
"Union, IL",23498
"Vermilion, IL",24754
"Wabash, IL",26527
"Warren, IL",24335
"Washington, IL",29859
"Wayne, IL",26039
"White, IL",27559
"Whiteside, IL",26338
"Will, IL",30689
"Williamson, IL",25911
"Winnebago, IL",27785
"Woodford, IL",31456
"Adams, IN",25200
"Allen, IN",30705
"Bartholomew, IN",32693
"Benton, IN",27712
"Blackford, IN",22984
"Boone, IN",42677
"Brown, IN",30222
"Carroll, IN",27362
"Cass, IN",26196
"Clark, IN",28593
"Clay, IN",23645
"Clinton, IN",25152
"Crawford, IN",22372
"Daviess, IN",26060
"Dearborn, IN",30635
"Decatur, IN",26818
"DeKalb, IN",27312
"Delaware, IN",25636
"Dubois, IN",34976
"Elkhart, IN",30685
"Fayette, IN",26198
"Floyd, IN",33725
"Fountain, IN",25477
"Franklin, IN",27204
"Fulton, IN",26337
"Gibson, IN",29154
"Grant, IN",24949
"Greene, IN",24379
"Hamilton, IN",43139
"Hancock, IN",35706
"Harrison, IN",27670
"Hendricks, IN",31448
"Henry, IN",26123
"Howard, IN",29626
"Huntington, IN",26982
"Jackson, IN",27227
"Jasper, IN",26805
"Jay, IN",24051
"Jefferson, IN",25379
"Jennings, IN",24182
"Johnson, IN",31026
"Knox, IN",27050
"Kosciusko, IN",31577
"LaGrange, IN",22001
"Lake, IN",28255
"LaPorte, IN",26351
"Lawrence, IN",25614
"Madison, IN",27455
"Marion, IN",34427
"Marshall, IN",26162
"Martin, IN",25016
"Miami, IN",23237
"Monroe, IN",26084
"Montgomery, IN",26830
"Morgan, IN",29790
"Newton, IN",25208
"Noble, IN",25252
"Ohio, IN",24481
"Orange, IN",22317
"Owen, IN",23685
"Parke, IN",22862
"Perry, IN",25428
"Pike, IN",24105
"Porter, IN",34381
"Posey, IN",31213
"Pulaski, IN",26443
"Putnam, IN",25701
"Randolph, IN",25354
"Ripley, IN",26439
"Rush, IN",28421
"St. Joseph, IN",31383
"Scott, IN",23729
"Shelby, IN",29580
"Spencer, IN",27940
"Starke, IN",20624
"Steuben, IN",26435
"Sullivan, IN",21955
"Switzerland, IN",22183
"Tippecanoe, IN",26050
"Tipton, IN",30994
"Union, IN",27907
"Vanderburgh, IN",32635
"Vermillion, IN",26756
"Vigo, IN",25824
"Wabash, IN",26864
"Warren, IN",25693
"Warrick, IN",32594
"Washington, IN",24276
"Wayne, IN",26727
"Wells, IN",26925
"White, IN",24880
"Whitley, IN",27854
"Adair, IA",30095
"Adams, IA",28800
"Allamakee, IA",25415
"Appanoose, IA",23783
"Audubon, IA",31217
"Benton, IA",27867
"Black Hawk, IA",29047
"Boone, IA",30617
"Bremer, IA",31043
"Buchanan, IA",26808
"Buena Vista, IA",27686
"Butler, IA",27799
"Calhoun, IA",27924
"Carroll, IA",30763
"Cass, IA",28347
"Cedar, IA",30343
"Cerro Gordo, IA",31189
"Cherokee, IA",29903
"Chickasaw, IA",27699
"Clarke, IA",24922
"Clay, IA",29037
"Clayton, IA",27295
"Clinton, IA",27140
"Crawford, IA",26556
"Dallas, IA",34870
"Davis, IA",23122
"Decatur, IA",20717
"Delaware, IA",27651
"Des Moines, IA",29204
"Dickinson, IA",34186
"Dubuque, IA",29296
"Emmet, IA",28308
"Fayette, IA",24722
"Floyd, IA",27911
"Franklin, IA",29502
"Fremont, IA",30477
"Greene, IA",27974
"Grundy, IA",31811
"Guthrie, IA",30073
"Hamilton, IA",30209
"Hancock, IA",31528
"Hardin, IA",27611
"Harrison, IA",27613
"Henry, IA",26695
"Howard, IA",27586
"Humboldt, IA",30308
"Ida, IA",29668
"Iowa, IA",32551
"Jackson, IA",25726
"Jasper, IA",28573
"Jefferson, IA",28306
"Johnson, IA",32250
"Jones, IA",23933
"Keokuk, IA",27183
"Kossuth, IA",30774
"Lee, IA",26996
"Linn, IA",33541
"Louisa, IA",27011
"Lucas, IA",22995
"Lyon, IA",26373
"Madison, IA",29535
"Mahaska, IA",27752
"Marion, IA",27996
"Marshall, IA",29416
"Mills, IA",34625
"Mitchell, IA",27080
"Monona, IA",26267
"Monroe, IA",27946
"Montgomery, IA",27602
"Muscatine, IA",31577
"O'Brien, IA",29424
"Osceola, IA",26196
"Page, IA",27669
"Palo Alto, IA",27045
"Plymouth, IA",30944
"Pocahontas, IA",28001
"Polk, IA",37952
"Pottawattamie, IA",29473
"Poweshiek, IA",30786
"Ringgold, IA",24852
"Sac, IA",30167
"Scott, IA",33650
"Shelby, IA",28652
"Sioux, IA",28656
"Story, IA",29723
"Tama, IA",26676
"Taylor, IA",25304
"Union, IA",25786
"Van Buren, IA",23217
"Wapello, IA",26241
"Warren, IA",30844
"Washington, IA",30515
"Wayne, IA",23175
"Webster, IA",27941
"Winnebago, IA",27124
"Winneshiek, IA",30985
"Woodbury, IA",27804
"Worth, IA",24424
"Wright, IA",32766
"Allen, KS",24200
"Anderson, KS",22792
"Atchison, KS",23433
"Barber, KS",24212
"Barton, KS",28340
"Bourbon, KS",23881
"Brown, KS",26129
"Butler, KS",29348
"Chase, KS",31450
"Chautauqua, KS",24707
"Cherokee, KS",23586
"Cheyenne, KS",15934
"Clark, KS",24213
"Clay, KS",29494
"Cloud, KS",23657
"Coffey, KS",30236
"Comanche, KS",19706
"Cowley, KS",26063
"Crawford, KS",23201
"Decatur, KS",21118
"Dickinson, KS",25299
"Doniphan, KS",21885
"Douglas, KS",26457
"Edwards, KS",27233
"Elk, KS",21426
"Ellis, KS",29385
"Ellsworth, KS",24410
"Finney, KS",21121
"Ford, KS",24000
"Franklin, KS",25294
"Geary, KS",28269
"Gove, KS",23764
"Graham, KS",26183
"Grant, KS",26287
"Gray, KS",27721
"Greeley, KS",25274
"Greenwood, KS",22767
"Hamilton, KS",28160
"Harper, KS",24944
"Harvey, KS",28575
"Haskell, KS",33605
"Hodgeman, KS",25919
"Jackson, KS",27455
"Jefferson, KS",25248
"Jewell, KS",26396
"Johnson, KS",46320
"Kearny, KS",21226
"Kingman, KS",24754
"Kiowa, KS",27779
"Labette, KS",24976
"Lane, KS",25244
"Leavenworth, KS",27623
"Lincoln, KS",20684
"Linn, KS",24019
"Logan, KS",20308
"Lyon, KS",22997
"McPherson, KS",30168
"Marion, KS",22860
"Marshall, KS",31756
"Meade, KS",25545
"Miami, KS",29633
"Mitchell, KS",26492
"Montgomery, KS",25058
"Morris, KS",24228
"Morton, KS",21338
"Nemaha, KS",29203
"Neosho, KS",23849
"Ness, KS",29605
"Norton, KS",22708
"Osage, KS",23939
"Osborne, KS",23018
"Ottawa, KS",23039
"Pawnee, KS",25261
"Phillips, KS",27350
"Pottawatomie, KS",27746
"Pratt, KS",27665
"Rawlins, KS",21885
"Reno, KS",25566
"Republic, KS",23158
"Rice, KS",20967
"Riley, KS",26279
"Rooks, KS",23584
"Rush, KS",21793
"Russell, KS",23260
"Saline, KS",29220
"Scott, KS",28082
"Sedgwick, KS",33153
"Seward, KS",24025
"Shawnee, KS",30537
"Sheridan, KS",31317
"Sherman, KS",21923
"Smith, KS",24562
"Stafford, KS",25539
"Stanton, KS",28286
"Stevens, KS",27509
"Sumner, KS",26810
"Thomas, KS",24878
"Trego, KS",19561
"Wabaunsee, KS",26804
"Wallace, KS",23394
"Washington, KS",24085
"Wichita, KS",28375
"Wilson, KS",24243
"Woodson, KS",21197
"Wyandotte, KS",22845
"Adair, KY",19412
"Allen, KY",21529
"Anderson, KY",25084
"Ballard, KY",27970
"Barren, KY",23550
"Bath, KY",19583
"Bell, KY",18809
"Boone, KY",30615
"Bourbon, KY",28983
"Boyd, KY",26825
"Boyle, KY",25087
"Bracken, KY",21892
"Breathitt, KY",18451
"Breckinridge, KY",21083
"Bullitt, KY",24459
"Butler, KY",18738
"Caldwell, KY",24031
"Calloway, KY",24074
"Campbell, KY",30252
"Carlisle, KY",23622
"Carroll, KY",25359
"Carter, KY",18568
"Casey, KY",18191
"Christian, KY",23289
"Clark, KY",28220
"Clay, KY",15902
"Clinton, KY",21217
"Crittenden, KY",20716
"Cumberland, KY",18103
"Daviess, KY",27069
"Edmonson, KY",18196
"Elliott, KY",15332
"Estill, KY",18116
"Fayette, KY",34185
"Fleming, KY",18708
"Floyd, KY",20563
"Franklin, KY",29493
"Fulton, KY",24519
"Gallatin, KY",22766
"Garrard, KY",21274
"Grant, KY",22017
"Graves, KY",22044
"Grayson, KY",19955
"Green, KY",18068
"Greenup, KY",24751
"Hancock, KY",21831
"Hardin, KY",28801
"Harlan, KY",18929
"Harrison, KY",23180
"Hart, KY",17884
"Henderson, KY",26963
"Henry, KY",25337
"Hickman, KY",41735
"Hopkins, KY",24270
"Jackson, KY",15524
"Jefferson, KY",36032
"Jessamine, KY",25670
"Johnson, KY",20368
"Kenton, KY",33647
"Knott, KY",18773
"Knox, KY",19440
"Larue, KY",25948
"Laurel, KY",20735
"Lawrence, KY",17632
"Lee, KY",17764
"Leslie, KY",19146
"Letcher, KY",20317
"Lewis, KY",16107
"Lincoln, KY",18765
"Livingston, KY",24827
"Logan, KY",22788
"Lyon, KY",21170
"McCracken, KY",30956
"McCreary, KY",16345
"McLean, KY",24688
"Madison, KY",21608
"Magoffin, KY",17343
"Marion, KY",22403
"Marshall, KY",25945
"Martin, KY",19566
"Mason, KY",25689
"Meade, KY",23627
"Menifee, KY",16066
"Mercer, KY",23351
"Metcalfe, KY",19300
"Monroe, KY",20151
"Montgomery, KY",22203
"Morgan, KY",15891
"Muhlenberg, KY",21499
"Nelson, KY",26471
"Nicholas, KY",22528
"Ohio, KY",20641
"Oldham, KY",35321
"Owen, KY",18638
"Owsley, KY",18541
"Pendleton, KY",20898
"Perry, KY",22930
"Pike, KY",22460
"Powell, KY",19182
"Pulaski, KY",23360
"Robertson, KY",18488
"Rockcastle, KY",17820
"Rowan, KY",20645
"Russell, KY",19899
"Scott, KY",28038
"Shelby, KY",29187
"Simpson, KY",25302
"Spencer, KY",21635
"Taylor, KY",21670
"Todd, KY",21636
"Trigg, KY",28663
"Trimble, KY",17971
"Union, KY",25218
"Warren, KY",27267
"Washington, KY",22375
"Wayne, KY",18865
"Webster, KY",28709
"Whitley, KY",20310
"Wolfe, KY",17513
"Woodford, KY",37828
"Acadia, LA",22116
"Allen, LA",18030
"Ascension, LA",27578
"Assumption, LA",26193
"Avoyelles, LA",20016
"Beauregard, LA",21964
"Bienville, LA",21368
"Bossier, LA",26474
"Caddo, LA",30282
"Calcasieu, LA",26676
"Caldwell, LA",20371
"Cameron, LA",18866
"Catahoula, LA",19449
"Claiborne, LA",22807
"Concordia, LA",20784
"De Soto, LA",23245
"East Baton Rouge, LA",30866
"East Carroll, LA",18647
"East Feliciana, LA",23755
"Evangeline, LA",18874
"Franklin, LA",19703
"Grant, LA",21292
"Iberia, LA",24846
"Iberville, LA",23304
"Jackson, LA",24232
"Jefferson, LA",32173
"Jefferson Davis, LA",20777
"Lafayette, LA",31084
"Lafourche, LA",26957
"La Salle, LA",20516
"Lincoln, LA",23098
"Livingston, LA",22622
"Madison, LA",18204
"Morehouse, LA",20895
"Natchitoches, LA",23313
"Orleans, LA",30946
"Ouachita, LA",26332
"Plaquemines, LA",24984
"Pointe Coupee, LA",23715
"Rapides, LA",28745
"Red River, LA",19152
"Richland, LA",20874
"Sabine, LA",20966
"St. Bernard, LA",25495
"St. Charles, LA",27504
"St. Helena, LA",22577
"St. James, LA",22562
"St. John the Baptist, LA",24167
"St. Landry, LA",21152
"St. Martin, LA",20129
"St. Mary, LA",25881
"St. Tammany, LA",33087
"Tangipahoa, LA",22698
"Tensas, LA",21061
"Terrebonne, LA",24814
"Union, LA",24003
"Vermilion, LA",20766
"Vernon, LA",27209
"Washington, LA",20839
"Webster, LA",24238
"West Baton Rouge, LA",25378
"West Carroll, LA",17927
"West Feliciana, LA",18533
"Winn, LA",19251
"Androscoggin, ME",28625
"Aroostook, ME",24781
"Cumberland, ME",37755
"Franklin, ME",24703
"Hancock, ME",30577
"Kennebec, ME",28566
"Knox, ME",31878
"Lincoln, ME",31351
"Oxford, ME",24145
"Penobscot, ME",27511
"Piscataquis, ME",25042
"Sagadahoc, ME",30982
"Somerset, ME",24356
"Waldo, ME",26223
"Washington, ME",24218
"York, ME",30977
"Allegany, MD",24010
"Anne Arundel, MD",43987
"Baltimore, MD",41940
"Calvert, MD",35438
"Caroline, MD",25602
"Carroll, MD",35666
"Cecil, MD",31420
"Charles, MD",34809
"Dorchester, MD",27706
"Frederick, MD",37462
"Garrett, MD",25887
"Harford, MD",36697
"Howard, MD",50412
"Kent, MD",37118
"Montgomery, MD",56233
"Prince George's, MD",33269
"Queen Anne's, MD",38898
"St. Mary's, MD",32706
"Somerset, MD",22019
"Talbot, MD",48538
"Washington, MD",29108
"Wicomico, MD",28362
"Worcester, MD",32455
"Baltimore city, MD",29257
"Barnstable, MA",41632
"Berkshire, MA",34996
"Bristol, MA",32796
"Dukes, MA",44647
"Essex, MA",40647
"Franklin, MA",32627
"Hampden, MA",30772
"Hampshire, MA",30732
"Middlesex, MA",49321
"Nantucket, MA",49802
"Norfolk, MA",51395
"Plymouth, MA",38970
"Suffolk, MA",42825
"Worcester, MA",35249
"Alcona, MI",21694
"Alger, MI",21143
"Allegan, MI",27486
"Alpena, MI",26020
"Antrim, MI",26397
"Arenac, MI",22493
"Baraga, MI",20464
"Barry, MI",29271
"Bay, MI",27411
"Benzie, MI",25907
"Berrien, MI",28527
"Branch, MI",22703
"Calhoun, MI",27393
"Cass, MI",27463
"Charlevoix, MI",31292
"Cheboygan, MI",23923
"Chippewa, MI",20994
"Clare, MI",21711
"Clinton, MI",30125
"Crawford, MI",21009
"Delta, MI",25810
"Dickinson, MI",28975
"Eaton, MI",28824
"Emmet, MI",33015
"Genesee, MI",27238
"Gladwin, MI",22012
"Gogebic, MI",23117
"Grand Traverse, MI",31523
"Gratiot, MI",22862
"Hillsdale, MI",24550
"Houghton, MI",22127
"Huron, MI",27746
"Ingham, MI",28890
"Ionia, MI",22682
"Iosco, MI",21837
"Iron, MI",24635
"Isabella, MI",23422
"Jackson, MI",26433
"Kalamazoo, MI",31239
"Kalkaska, MI",19779
"Kent, MI",32459
"Keweenaw, MI",24928
"Lake, MI",20715
"Lapeer, MI",28042
"Leelanau, MI",34990
"Lenawee, MI",28046
"Livingston, MI",35545
"Luce, MI",19844
"Mackinac, MI",27784
"Macomb, MI",33512
"Manistee, MI",23847
"Marquette, MI",25291
"Mason, MI",25669
"Mecosta, MI",20312
"Menominee, MI",24011
"Midland, MI",37069
"Missaukee, MI",21436
"Monroe, MI",30214
"Montcalm, MI",21363
"Montmorency, MI",20224
"Muskegon, MI",25114
"Newaygo, MI",22863
"Oakland, MI",50337
"Oceana, MI",22321
"Ogemaw, MI",20922
"Ontonagon, MI",24772
"Osceola, MI",22448
"Oscoda, MI",18769
"Otsego, MI",25836
"Ottawa, MI",29438
"Presque Isle, MI",22849
"Roscommon, MI",22575
"Saginaw, MI",26702
"St. Clair, MI",29090
"St. Joseph, MI",25393
"Sanilac, MI",25396
"Schoolcraft, MI",23048
"Shiawassee, MI",24398
"Tuscola, MI",22639
"Van Buren, MI",24538
"Washtenaw, MI",38325
"Wayne, MI",29081
"Wexford, MI",24007
"Aitkin, MN",23953
"Anoka, MN",33988
"Becker, MN",27396
"Beltrami, MN",25022
"Benton, MN",27713
"Big Stone, MN",28381
"Blue Earth, MN",29288
"Brown, MN",29348
"Carlton, MN",25696
"Carver, MN",42827
"Cass, MN",28333
"Chippewa, MN",28483
"Chisago, MN",29062
"Clay, MN",26634
"Clearwater, MN",22422
"Cook, MN",30197
"Cottonwood, MN",29127
"Crow Wing, MN",26431
"Dakota, MN",40599
"Dodge, MN",30990
"Douglas, MN",29195
"Faribault, MN",28614
"Fillmore, MN",27735
"Freeborn, MN",27552
"Goodhue, MN",33105
"Grant, MN",26031
"Hennepin, MN",48173
"Houston, MN",29535
"Hubbard, MN",25401
"Isanti, MN",28573
"Itasca, MN",25394
"Jackson, MN",28661
"Kanabec, MN",24573
"Kandiyohi, MN",30521
"Kittson, MN",26986
"Koochiching, MN",29340
"Lac qui Parle, MN",27580
"Lake, MN",31073
"Lake of the Woods, MN",23978
"Le Sueur, MN",29201
"Lincoln, MN",27247
"Lyon, MN",29744
"McLeod, MN",29095
"Mahnomen, MN",22480
"Marshall, MN",26052
"Martin, MN",31830
"Meeker, MN",27115
"Mille Lacs, MN",23706
"Morrison, MN",24734
"Mower, MN",29789
"Murray, MN",28513
"Nicollet, MN",30278
"Nobles, MN",28581
"Norman, MN",26052
"Olmsted, MN",37969
"Otter Tail, MN",26819
"Pennington, MN",31125
"Pine, MN",23558
"Pipestone, MN",29412
"Polk, MN",26685
"Pope, MN",28928
"Ramsey, MN",39550
"Red Lake, MN",21733
"Redwood, MN",27194
"Renville, MN",25834
"Rice, MN",26520
"Rock, MN",27703
"Roseau, MN",29594
"St. Louis, MN",30588
"Scott, MN",34224
"Sherburne, MN",27220
"Sibley, MN",26239
"Stearns, MN",28460
"Steele, MN",30579
"Stevens, MN",27900
"Swift, MN",22315
"Todd, MN",22373
"Traverse, MN",25050
"Wabasha, MN",31247
"Wadena, MN",23669
"Waseca, MN",26460
"Washington, MN",42401
"Watonwan, MN",28579
"Wilkin, MN",27002
"Winona, MN",27968
"Wright, MN",29792
"Yellow Medicine, MN",27668
"Adams, MS",23516
"Alcorn, MS",21890
"Amite, MS",20297
"Attala, MS",20241
"Benton, MS",17152
"Bolivar, MS",19951
"Calhoun, MS",23148
"Carroll, MS",20658
"Chickasaw, MS",20257
"Choctaw, MS",17845
"Claiborne, MS",17246
"Clarke, MS",18870
"Clay, MS",22069
"Coahoma, MS",22774
"Copiah, MS",19667
"Covington, MS",19886
"DeSoto, MS",28539
"Forrest, MS",23993
"Franklin, MS",18040
"George, MS",20456
"Greene, MS",16520
"Grenada, MS",22685
"Hancock, MS",24645
"Harrison, MS",26380
"Hinds, MS",28858
"Holmes, MS",17579
"Humphreys, MS",19656
"Issaquena, MS",18543
"Itawamba, MS",22425
"Jackson, MS",25170
"Jasper, MS",19964
"Jefferson, MS",14545
"Jefferson Davis, MS",19248
"Jones, MS",24794
"Kemper, MS",18310
"Lafayette, MS",25236
"Lamar, MS",24923
"Lauderdale, MS",25639
"Lawrence, MS",22852
"Leake, MS",21490
"Lee, MS",28099
"Leflore, MS",21489
"Lincoln, MS",22649
"Lowndes, MS",23820
"Madison, MS",37579
"Marion, MS",20558
"Marshall, MS",20249
"Monroe, MS",22651
"Montgomery, MS",21443
"Neshoba, MS",25539
"Newton, MS",23075
"Noxubee, MS",18520
"Oktibbeha, MS",22935
"Panola, MS",19951
"Pearl River, MS",20028
"Perry, MS",18028
"Pike, MS",21110
"Pontotoc, MS",21728
"Prentiss, MS",18861
"Quitman, MS",19145
"Rankin, MS",28503
"Scott, MS",21622
"Sharkey, MS",20490
"Simpson, MS",23960
"Smith, MS",24669
"Stone, MS",22896
"Sunflower, MS",17126
"Tallahatchie, MS",20419
"Tate, MS",23480
"Tippah, MS",20938
"Tishomingo, MS",19142
"Tunica, MS",19230
"Union, MS",21629
"Walthall, MS",18954
"Warren, MS",28590
"Washington, MS",21025
"Wayne, MS",19951
"Webster, MS",19234
"Wilkinson, MS",16694
"Winston, MS",20147
"Yalobusha, MS",21033
"Yazoo, MS",20727
"Adair, MO",21095
"Andrew, MO",28372
"Atchison, MO",26948
"Audrain, MO",23462
"Barry, MO",22865
"Barton, MO",21977
"Bates, MO",24934
"Benton, MO",21446
"Bollinger, MO",20275
"Boone, MO",29743
"Buchanan, MO",25853
"Butler, MO",25890
"Caldwell, MO",24680
"Callaway, MO",23239
"Camden, MO",27074
"Cape Girardeau, MO",28072
"Carroll, MO",23952
"Carter, MO",21741
"Cass, MO",28195
"Cedar, MO",20508
"Chariton, MO",25356
"Christian, MO",24277
"Clark, MO",23066
"Clay, MO",32266
"Clinton, MO",26711
"Cole, MO",32529
"Cooper, MO",23129
"Crawford, MO",24408
"Dade, MO",23697
"Dallas, MO",22642
"Daviess, MO",22391
"DeKalb, MO",17074
"Dent, MO",20934
"Douglas, MO",19033
"Dunklin, MO",23480
"Franklin, MO",28484
"Gasconade, MO",24771
"Gentry, MO",24536
"Greene, MO",28908
"Grundy, MO",22568
"Harrison, MO",21833
"Henry, MO",24281
"Hickory, MO",18219
"Holt, MO",24420
"Howard, MO",26148
"Howell, MO",21717
"Iron, MO",21004
"Jackson, MO",32280
"Jasper, MO",24777
"Jefferson, MO",26922
"Johnson, MO",23272
"Knox, MO",24437
"Laclede, MO",22118
"Lafayette, MO",28299
"Lawrence, MO",21110
"Lewis, MO",20870
"Lincoln, MO",24172
"Linn, MO",23510
"Livingston, MO",25867
"McDonald, MO",21444
"Macon, MO",23949
"Madison, MO",20144
"Maries, MO",22828
"Marion, MO",24786
"Mercer, MO",25980
"Miller, MO",20808
"Mississippi, MO",21421
"Moniteau, MO",23859
"Monroe, MO",22628
"Montgomery, MO",24669
"Morgan, MO",24382
"New Madrid, MO",23649
"Newton, MO",25315
"Nodaway, MO",21526
"Oregon, MO",18878
"Osage, MO",26723
"Ozark, MO",19025
"Pemiscot, MO",22522
"Perry, MO",24173
"Pettis, MO",25230
"Phelps, MO",25173
"Pike, MO",21942
"Platte, MO",35960
"Polk, MO",20604
"Pulaski, MO",27133
"Putnam, MO",20410
"Ralls, MO",25847
"Randolph, MO",23437
"Ray, MO",27481
"Reynolds, MO",20910
"Ripley, MO",19581
"St. Charles, MO",32513
"St. Clair, MO",20640
"Ste. Genevieve, MO",24187
"St. Francois, MO",21800
"St. Louis, MO",44888
"Saline, MO",26575
"Schuyler, MO",20128
"Scotland, MO",22820
"Scott, MO",25324
"Shannon, MO",18182
"Shelby, MO",24969
"Stoddard, MO",23654
"Stone, MO",24620
"Sullivan, MO",25084
"Taney, MO",23860
"Texas, MO",18146
"Vernon, MO",24005
"Warren, MO",26678
"Washington, MO",19242
"Wayne, MO",20117
"Webster, MO",20370
"Worth, MO",21559
"Wright, MO",18412
"St. Louis city, MO",26478
"Beaverhead, MT",26548
"Big Horn, MT",19381
"Blaine, MT",20380
"Broadwater, MT",23471
"Carbon, MT",30167
"Carter, MT",23480
"Cascade, MT",28790
"Chouteau, MT",26452
"Custer, MT",25603
"Daniels, MT",30165
"Dawson, MT",23501
"Deer Lodge, MT",23064
"Fallon, MT",26295
"Fergus, MT",26819
"Flathead, MT",29471
"Gallatin, MT",30336
"Garfield, MT",26145
"Glacier, MT",21389
"Golden Valley, MT",21340
"Granite, MT",24451
"Hill, MT",28845
"Jefferson, MT",29347
"Judith Basin, MT",23637
"Lake, MT",21361
"Lewis and Clark, MT",30083
"Liberty, MT",23867
"Lincoln, MT",21126
"McCone, MT",23508
"Madison, MT",28213
"Meagher, MT",24239
"Mineral, MT",21917
"Missoula, MT",29025
"Musselshell, MT",20277
"Park, MT",25999
"Petroleum, MT",19031
"Phillips, MT",23810
"Pondera, MT",24897
"Powder River, MT",20628
"Powell, MT",20360
"Prairie, MT",26122
"Ravalli, MT",24231
"Richland, MT",27522
"Roosevelt, MT",20952
"Rosebud, MT",27176
"Sanders, MT",19904
"Sheridan, MT",29209
"Silver Bow, MT",29160
"Stillwater, MT",30096
"Sweet Grass, MT",25201
"Teton, MT",27866
"Toole, MT",26736
"Treasure, MT",23050
"Valley, MT",30832
"Wheatland, MT",21272
"Wibaux, MT",22207
"Yellowstone, MT",31780
"Yellowstone National Park, MT",0
"Adams, NE",25108
"Antelope, NE",27158
"Arthur, NE",19641
"Banner, NE",24718
"Blaine, NE",19206
"Boone, NE",26270
"Box Butte, NE",27802
"Boyd, NE",19913
"Brown, NE",25584
"Buffalo, NE",27282
"Burt, NE",25896
"Butler, NE",26235
"Cass, NE",31962
"Cedar, NE",30031
"Chase, NE",28533
"Cherry, NE",25584
"Cheyenne, NE",31275
"Clay, NE",26388
"Colfax, NE",26232
"Cuming, NE",33440
"Custer, NE",27729
"Dakota, NE",22793
"Dawes, NE",20309
"Dawson, NE",23228
"Deuel, NE",26831
"Dixon, NE",29958
"Dodge, NE",27419
"Douglas, NE",39970
"Dundy, NE",30292
"Fillmore, NE",29298
"Franklin, NE",25943
"Frontier, NE",25732
"Furnas, NE",24319
"Gage, NE",29891
"Garden, NE",26236
"Garfield, NE",26684
"Gosper, NE",25786
"Grant, NE",14357
"Greeley, NE",24794
"Hall, NE",28698
"Hamilton, NE",26017
"Harlan, NE",24783
"Hayes, NE",19991
"Hitchcock, NE",20063
"Holt, NE",28231
"Hooker, NE",21126
"Howard, NE",24541
"Jefferson, NE",27786
"Johnson, NE",27172
"Kearney, NE",29906
"Keith, NE",24942
"Keya Paha, NE",21843
"Kimball, NE",25905
"Knox, NE",24665
"Lancaster, NE",31933
"Lincoln, NE",27202
"Logan, NE",24366
"Loup, NE",12674
"McPherson, NE",16695
"Madison, NE",27603
"Merrick, NE",25452
"Morrill, NE",22981
"Nance, NE",26950
"Nemaha, NE",33789
"Nuckolls, NE",25455
"Otoe, NE",27158
"Pawnee, NE",30798
"Perkins, NE",27888
"Phelps, NE",31015
"Pierce, NE",27104
"Platte, NE",28047
"Polk, NE",28061
"Red Willow, NE",26013
"Richardson, NE",28183
"Rock, NE",23262
"Saline, NE",27353
"Sarpy, NE",31025
"Saunders, NE",30533
"Scotts Bluff, NE",26390
"Seward, NE",29699
"Sheridan, NE",20959
"Sherman, NE",23309
"Sioux, NE",20346
"Stanton, NE",26440
"Thayer, NE",30457
"Thomas, NE",21886
"Thurston, NE",22331
"Valley, NE",24254
"Washington, NE",32077
"Wayne, NE",26344
"Webster, NE",28652
"Wheeler, NE",32117
"York, NE",32157
"Churchill, NV",32357
"Clark, NV",33463
"Douglas, NV",46840
"Elko, NV",29998
"Esmeralda, NV",36044
"Eureka, NV",29809
"Humboldt, NV",26387
"Lander, NV",29880
"Lincoln, NV",22662
"Lyon, NV",24352
"Mineral, NV",25887
"Nye, NV",28296
"Pershing, NV",19419
"Storey, NV",33224
"Washoe, NV",40815
"White Pine, NV",31246
"Carson City city, NV",36499
"Belknap, NH",33611
"Carroll, NH",34215
"Cheshire, NH",31758
"Coos, NH",29158
"Grafton, NH",36961
"Hillsborough, NH",38782
"Merrimack, NH",33655
"Rockingham, NH",41122
"Strafford, NH",29962
"Sullivan, NH",32089
"Atlantic, NJ",32712
"Bergen, NJ",54288
"Burlington, NJ",38890
"Camden, NJ",34580
"Cape May, NJ",37422
"Cumberland, NJ",26989
"Essex, NJ",41829
"Gloucester, NJ",32866
"Hudson, NJ",32514
"Hunterdon, NJ",58441
"Mercer, NJ",43962
"Middlesex, NJ",39792
"Monmouth, NJ",46069
"Morris, NJ",60989
"Ocean, NJ",32964
"Passaic, NJ",32938
"Salem, NJ",32046
"Somerset, NJ",59562
"Sussex, NJ",39986
"Union, NJ",42518
"Warren, NJ",34993
"Bernalillo, NM",30986
"Catron, NM",17548
"Chaves, NM",23361
"Cibola, NM",18093
"Colfax, NM",23611
"Curry, NM",25758
"De Baca, NM",21605
"Dona Ana, NM",21779
"Eddy, NM",26538
"Grant, NM",21496
"Guadalupe, NM",15165
"Harding, NM",18739
"Hidalgo, NM",19263
"Lea, NM",24500
"Lincoln, NM",21552
"Los Alamos, NM",52540
"Luna, NM",17799
"McKinley, NM",17498
"Mora, NM",16974
"Otero, NM",20358
"Quay, NM",21258
"Rio Arriba, NM",21893
"Roosevelt, NM",25163
"Sandoval, NM",26293
"San Juan, NM",22644
"San Miguel, NM",21262
"Santa Fe, NM",35615
"Sierra, NM",19476
"Socorro, NM",20284
"Taos, NM",23691
"Torrance, NM",21216
"Union, NM",27586
"Valencia, NM",23220
"Albany, NY",37421
"Allegany, NY",20813
"Bronx, NY",23054
"Broome, NY",27573
"Cattaraugus, NY",25465
"Cayuga, NY",26934
"Chautauqua, NY",23881
"Chemung, NY",25794
"Chenango, NY",24804
"Clinton, NY",25999
"Columbia, NY",31333
"Cortland, NY",24444
"Delaware, NY",25065
"Dutchess, NY",34732
"Erie, NY",31914
"Essex, NY",25890
"Franklin, NY",21742
"Fulton, NY",27516
"Genesee, NY",26856
"Greene, NY",27319
"Hamilton, NY",27511
"Herkimer, NY",24424
"Jefferson, NY",27155
"Kings, NY",27608
"Lewis, NY",22802
"Livingston, NY",25495
"Madison, NY",27153
"Monroe, NY",34654
"Montgomery, NY",27375
"Nassau, NY",51979
"New York, NY",88599
"Niagara, NY",26840
"Oneida, NY",26957
"Onondaga, NY",32226
"Ontario, NY",31249
"Orange, NY",30484
"Orleans, NY",22785
"Oswego, NY",23703
"Otsego, NY",24888
"Putnam, NY",42795
"Queens, NY",30788
"Rensselaer, NY",30743
"Richmond, NY",36658
"Rockland, NY",45054
"St. Lawrence, NY",22358
"Saratoga, NY",34204
"Schenectady, NY",34836
"Schoharie, NY",25539
"Schuyler, NY",24333
"Seneca, NY",25653
"Steuben, NY",28823
"Suffolk, NY",39896
"Sullivan, NY",28825
"Tioga, NY",26183
"Tompkins, NY",27512
"Ulster, NY",28667
"Warren, NY",29966
"Washington, NY",24304
"Wayne, NY",27873
"Westchester, NY",59845
"Wyoming, NY",23906
"Yates, NY",22764
"Alamance, NC",26628
"Alexander, NC",25322
"Alleghany, NC",24606
"Anson, NC",22307
"Ashe, NC",24121
"Avery, NC",23296
"Beaufort, NC",24608
"Bertie, NC",22260
"Bladen, NC",23167
"Brunswick, NC",26229
"Buncombe, NC",28711
"Burke, NC",24736
"Cabarrus, NC",30619
"Caldwell, NC",26022
"Camden, NC",26000
"Carteret, NC",29049
"Caswell, NC",22546
"Catawba, NC",27141
"Chatham, NC",36083
"Cherokee, NC",20285
"Chowan, NC",26074
"Clay, NC",21865
"Cleveland, NC",24839
"Columbus, NC",23768
"Craven, NC",28304
"Cumberland, NC",28915
"Currituck, NC",28733
"Dare, NC",31778
"Davidson, NC",27205
"Davie, NC",30763
"Duplin, NC",22633
"Durham, NC",32735
"Edgecombe, NC",24311
"Forsyth, NC",34052
"Franklin, NC",24788
"Gaston, NC",28955
"Gates, NC",23053
"Graham, NC",21745
"Granville, NC",22589
"Greene, NC",22129
"Guilford, NC",33141
"Halifax, NC",21902
"Harnett, NC",23642
"Haywood, NC",25231
"Henderson, NC",29009
"Hertford, NC",21411
"Hoke, NC",19442
"Hyde, NC",21861
"Iredell, NC",28596
"Jackson, NC",23284
"Johnston, NC",26858
"Jones, NC",24350
"Lee, NC",26846
"Lenoir, NC",25985
"Lincoln, NC",25691
"McDowell, NC",22055
"Macon, NC",24458
"Madison, NC",22213
"Martin, NC",23355
"Mecklenburg, NC",40718
"Mitchell, NC",21133
"Montgomery, NC",24027
"Moore, NC",33687
"Nash, NC",27967
"New Hanover, NC",30428
"Northampton, NC",24759
"Onslow, NC",26904
"Orange, NC",37225
"Pamlico, NC",26502
"Pasquotank, NC",23084
"Pender, NC",23371
"Perquimans, NC",24441
"Person, NC",25138
"Pitt, NC",26324
"Polk, NC",34283
"Randolph, NC",24517
"Richmond, NC",22140
"Robeson, NC",19728
"Rockingham, NC",24389
"Rowan, NC",26562
"Rutherford, NC",23732
"Sampson, NC",23485
"Scotland, NC",21873
"Stanly, NC",24597
"Stokes, NC",24879
"Surry, NC",25181
"Swain, NC",21117
"Transylvania, NC",26878
"Tyrrell, NC",20559
"Union, NC",28162
"Vance, NC",22607
"Wake, NC",36576
"Warren, NC",19475
"Washington, NC",22863
"Watauga, NC",25689
"Wayne, NC",24964
"Wilkes, NC",25979
"Wilson, NC",26570
"Yadkin, NC",24849
"Yancey, NC",20530
"Adams, ND",23841
"Barnes, ND",28107
"Benson, ND",18657
"Billings, ND",24976
"Bottineau, ND",28237
"Bowman, ND",29133
"Burke, ND",28046
"Burleigh, ND",33166
"Cass, ND",33385
"Cavalier, ND",27793
"Dickey, ND",29206
"Divide, ND",25424
"Dunn, ND",21784
"Eddy, ND",23467
"Emmons, ND",22917
"Foster, ND",26565
"Golden Valley, ND",19491
"Grand Forks, ND",28036
"Grant, ND",21222
"Griggs, ND",28446
"Hettinger, ND",26744
"Kidder, ND",25897
"LaMoure, ND",33433
"Logan, ND",29711
"McHenry, ND",23651
"McIntosh, ND",27517
"McKenzie, ND",25565
"McLean, ND",30827
"Mercer, ND",33330
"Morton, ND",26648
"Mountrail, ND",28577
"Nelson, ND",23768
"Oliver, ND",30055
"Pembina, ND",26633
"Pierce, ND",22579
"Ramsey, ND",26157
"Ransom, ND",28436
"Renville, ND",27057
"Richland, ND",26067
"Rolette, ND",20501
"Sargent, ND",37945
"Sheridan, ND",28401
"Sioux, ND",16869
"Slope, ND",22118
"Stark, ND",27050
"Steele, ND",23285
"Stutsman, ND",28049
"Towner, ND",25481
"Traill, ND",26746
"Walsh, ND",26555
"Ward, ND",30808
"Wells, ND",27871
"Williams, ND",28144
"Adams, OH",21090
"Allen, OH",26927
"Ashland, OH",23943
"Ashtabula, OH",24741
"Athens, OH",20967
"Auglaize, OH",29841
"Belmont, OH",24610
"Brown, OH",24692
"Butler, OH",31008
"Carroll, OH",22956
"Champaign, OH",26079
"Clark, OH",27487
"Clermont, OH",31921
"Clinton, OH",27618
"Columbiana, OH",23282
"Coshocton, OH",24191
"Crawford, OH",24516
"Cuyahoga, OH",35544
"Darke, OH",26842
"Defiance, OH",27762
"Delaware, OH",40333
"Erie, OH",32487
"Fairfield, OH",29707
"Fayette, OH",26835
"Franklin, OH",34735
"Fulton, OH",29110
"Gallia, OH",25826
"Geauga, OH",39915
"Greene, OH",30810
"Guernsey, OH",22890
"Hamilton, OH",38258
"Hancock, OH",30748
"Hardin, OH",22058
"Harrison, OH",23222
"Henry, OH",27226
"Highland, OH",23501
"Hocking, OH",22930
"Holmes, OH",21103
"Huron, OH",25120
"Jackson, OH",21803
"Jefferson, OH",25598
"Knox, OH",25178
"Lake, OH",32067
"Lawrence, OH",22195
"Licking, OH",29122
"Logan, OH",27959
"Lorain, OH",28222
"Lucas, OH",30075
"Madison, OH",28081
"Mahoning, OH",27556
"Marion, OH",25159
"Medina, OH",32383
"Meigs, OH",19591
"Mercer, OH",28028
"Miami, OH",29648
"Monroe, OH",22475
"Montgomery, OH",31001
"Morgan, OH",19413
"Morrow, OH",24399
"Muskingum, OH",25487
"Noble, OH",17193
"Ottawa, OH",31175
"Paulding, OH",24437
"Perry, OH",20687
"Pickaway, OH",24847
"Pike, OH",21389
"Portage, OH",28528
"Preble, OH",25527
"Putnam, OH",27387
"Richland, OH",26110
"Ross, OH",23976
"Sandusky, OH",26192
"Scioto, OH",22930
"Seneca, OH",25410
"Shelby, OH",29213
"Stark, OH",28145
"Summit, OH",33095
"Trumbull, OH",26761
"Tuscarawas, OH",24445
"Union, OH",29160
"Van Wert, OH",26446
"Vinton, OH",18788
"Warren, OH",33238
"Washington, OH",25715
"Wayne, OH",26619
"Williams, OH",26644
"Wood, OH",29253
"Wyandot, OH",27171
"Adair, OK",18959
"Alfalfa, OK",20824
"Atoka, OK",17872
"Beaver, OK",22653
"Beckham, OK",23259
"Blaine, OK",17818
"Bryan, OK",22775
"Caddo, OK",19145
"Canadian, OK",27865
"Carter, OK",25797
"Cherokee, OK",20443
"Choctaw, OK",19804
"Cimarron, OK",21840
"Cleveland, OK",28189
"Coal, OK",17198
"Comanche, OK",26066
"Cotton, OK",25240
"Craig, OK",23106
"Creek, OK",23298
"Custer, OK",23265
"Delaware, OK",24420
"Dewey, OK",25068
"Ellis, OK",24873
"Garfield, OK",28520
"Garvin, OK",25245
"Grady, OK",22909
"Grant, OK",29649
"Greer, OK",23071
"Harmon, OK",23162
"Harper, OK",29015
"Haskell, OK",22018
"Hughes, OK",19768
"Jackson, OK",25450
"Jefferson, OK",19886
"Johnston, OK",20490
"Kay, OK",27566
"Kingfisher, OK",28116
"Kiowa, OK",23248
"Latimer, OK",22861
"Le Flore, OK",21503
"Lincoln, OK",21346
"Logan, OK",28483
"Love, OK",22207
"McClain, OK",25682
"McCurtain, OK",22542
"McIntosh, OK",21239
"Major, OK",23621
"Marshall, OK",20981
"Mayes, OK",22024
"Murray, OK",22332
"Muskogee, OK",22746
"Noble, OK",23377
"Nowata, OK",19158
"Okfuskee, OK",18849
"Oklahoma, OK",34344
"Okmulgee, OK",21317
"Osage, OK",24583
"Ottawa, OK",22810
"Pawnee, OK",22886
"Payne, OK",22566
"Pittsburg, OK",23561
"Pontotoc, OK",24233
"Pottawatomie, OK",23410
"Pushmataha, OK",20083
"Roger Mills, OK",24940
"Rogers, OK",24976
"Seminole, OK",21121
"Sequoyah, OK",20992
"Stephens, OK",25193
"Texas, OK",25441
"Tillman, OK",20141
"Tulsa, OK",38234
"Wagoner, OK",23503
"Washington, OK",32258
"Washita, OK",20383
"Woods, OK",23596
"Woodward, OK",24242
"Baker, OR",22817
"Benton, OR",34444
"Clackamas, OR",37691
"Clatsop, OR",27216
"Columbia, OR",27984
"Coos, OR",25521
"Crook, OR",22631
"Curry, OR",25760
"Deschutes, OR",30445
"Douglas, OR",26045
"Gilliam, OR",25121
"Grant, OR",26833
"Harney, OR",23857
"Hood River, OR",25957
"Jackson, OR",28686
"Jefferson, OR",22180
"Josephine, OR",23838
"Klamath, OR",24858
"Lake, OR",24301
"Lane, OR",27979
"Lincoln, OR",27880
"Linn, OR",25361
"Malheur, OR",20001
"Marion, OR",27535
"Morrow, OR",27092
"Multnomah, OR",35757
"Polk, OR",26989
"Sherman, OR",23003
"Tillamook, OR",27092
"Umatilla, OR",24086
"Union, OR",26832
"Wallowa, OR",26432
"Wasco, OR",25420
"Washington, OR",33168
"Wheeler, OR",22549
"Yamhill, OR",27566
"Adams, PA",27904
"Allegheny, PA",39289
"Armstrong, PA",27055
"Beaver, PA",27891
"Bedford, PA",23224
"Berks, PA",30622
"Blair, PA",26471
"Bradford, PA",24549
"Bucks, PA",43587
"Butler, PA",32052
"Cambria, PA",25218
"Cameron, PA",25843
"Carbon, PA",26578
"Centre, PA",27451
"Chester, PA",49825
"Clarion, PA",26200
"Clearfield, PA",24567
"Clinton, PA",24265
"Columbia, PA",26686
"Crawford, PA",23647
"Cumberland, PA",35005
"Dauphin, PA",33983
"Delaware, PA",40508
"Elk, PA",28430
"Erie, PA",26680
"Fayette, PA",24944
"Forest, PA",19947
"Franklin, PA",28120
"Fulton, PA",27149
"Greene, PA",22626
"Huntingdon, PA",22118
"Indiana, PA",25961
"Jefferson, PA",24557
"Juniata, PA",26559
"Lackawanna, PA",30131
"Lancaster, PA",31153
"Lawrence, PA",25353
"Lebanon, PA",30187
"Lehigh, PA",33824
"Luzerne, PA",29361
"Lycoming, PA",27040
"McKean, PA",26518
"Mercer, PA",26089
"Mifflin, PA",23391
"Monroe, PA",26533
"Montgomery, PA",52656
"Montour, PA",32366
"Northampton, PA",31437
"Northumberland, PA",26143
"Perry, PA",27751
"Philadelphia, PA",29489
"Pike, PA",26171
"Potter, PA",26610
"Schuylkill, PA",25394
"Snyder, PA",27883
"Somerset, PA",23837
"Sullivan, PA",24658
"Susquehanna, PA",25503
"Tioga, PA",22483
"Union, PA",24700
"Venango, PA",26160
"Warren, PA",26000
"Washington, PA",32484
"Wayne, PA",26316
"Westmoreland, PA",30959
"Wyoming, PA",25371
"York, PA",30946
"Bristol, RI",44232
"Kent, RI",36545
"Newport, RI",41901
"Providence, RI",31052
"Washington, RI",39109
"Abbeville, SC",21190
"Aiken, SC",27917
"Allendale, SC",18031
"Anderson, SC",25939
"Bamberg, SC",20100
"Barnwell, SC",19879
"Beaufort, SC",37561
"Berkeley, SC",24655
"Calhoun, SC",26720
"Charleston, SC",31784
"Cherokee, SC",21883
"Chester, SC",23615
"Chesterfield, SC",21911
"Clarendon, SC",20853
"Colleton, SC",21726
"Darlington, SC",25092
"Dillon, SC",20147
"Dorchester, SC",25298
"Edgefield, SC",21657
"Fairfield, SC",22719
"Florence, SC",27366
"Georgetown, SC",28760
"Greenville, SC",30733
"Greenwood, SC",24708
"Hampton, SC",20462
"Horry, SC",25775
"Jasper, SC",22718
"Kershaw, SC",27671
"Lancaster, SC",20540
"Laurens, SC",22871
"Lee, SC",19548
"Lexington, SC",30850
"McCormick, SC",19832
"Marion, SC",20291
"Marlboro, SC",19221
"Newberry, SC",23194
"Oconee, SC",27775
"Orangeburg, SC",23241
"Pickens, SC",23581
"Richland, SC",29641
"Saluda, SC",24846
"Spartanburg, SC",26089
"Sumter, SC",23815
"Union, SC",23490
"Williamsburg, SC",19021
"York, SC",28967
"Aurora, SD",30514
"Beadle, SD",32605
"Bennett, SD",21065
"Bon Homme, SD",27469
"Brookings, SD",27645
"Brown, SD",36550
"Brule, SD",25751
"Buffalo, SD",15136
"Butte, SD",23716
"Campbell, SD",27468
"Charles Mix, SD",27516
"Clark, SD",31350
"Clay, SD",29415
"Codington, SD",30737
"Corson, SD",19199
"Custer, SD",27631
"Davison, SD",33215
"Day, SD",29002
"Deuel, SD",30912
"Dewey, SD",20046
"Douglas, SD",28378
"Edmunds, SD",38884
"Fall River, SD",25872
"Faulk, SD",33280
"Grant, SD",30400
"Gregory, SD",27748
"Haakon, SD",32252
"Hamlin, SD",27105
"Hand, SD",34291
"Hanson, SD",28888
"Harding, SD",23713
"Hughes, SD",31574
"Hutchinson, SD",31433
"Hyde, SD",27624
"Jackson, SD",16153
"Jerauld, SD",33919
"Jones, SD",29461
"Kingsbury, SD",32107
"Lake, SD",28557
"Lawrence, SD",27736
"Lincoln, SD",32694
"Lyman, SD",22710
"McCook, SD",31118
"McPherson, SD",25417
"Marshall, SD",29820
"Meade, SD",31372
"Mellette, SD",19696
"Miner, SD",27759
"Minnehaha, SD",34602
"Moody, SD",30475
"Pennington, SD",31372
"Perkins, SD",25922
"Potter, SD",36001
"Roberts, SD",25716
"Sanborn, SD",37665
"Shannon, SD",15534
"Spink, SD",35632
"Stanley, SD",33219
"Sully, SD",51198
"Todd, SD",14578
"Tripp, SD",26491
"Turner, SD",33394
"Union, SD",43817
"Walworth, SD",25109
"Yankton, SD",28191
"Ziebach, SD",14371
"Anderson, TN",28135
"Bedford, TN",26108
"Benton, TN",20739
"Bledsoe, TN",20731
"Blount, TN",26548
"Bradley, TN",27056
"Campbell, TN",21829
"Cannon, TN",25447
"Carroll, TN",22523
"Carter, TN",21199
"Cheatham, TN",28310
"Chester, TN",21809
"Claiborne, TN",21781
"Clay, TN",20415
"Cocke, TN",19035
"Coffee, TN",27549
"Crockett, TN",23281
"Cumberland, TN",23562
"Davidson, TN",38245
"Decatur, TN",23967
"DeKalb, TN",23525
"Dickson, TN",25112
"Dyer, TN",26123
"Fayette, TN",27991
"Fentress, TN",21911
"Franklin, TN",23406
"Gibson, TN",24713
"Giles, TN",24128
"Grainger, TN",20794
"Greene, TN",29193
"Grundy, TN",20808
"Hamblen, TN",25536
"Hamilton, TN",32224
"Hancock, TN",14780
"Hardeman, TN",19481
"Hardin, TN",23918
"Hawkins, TN",22645
"Haywood, TN",21725
"Henderson, TN",23559
"Henry, TN",24333
"Hickman, TN",19385
"Houston, TN",22593
"Humphreys, TN",24424
"Jackson, TN",22545
"Jefferson, TN",22636
"Johnson, TN",17678
"Knox, TN",31314
"Lake, TN",15570
"Lauderdale, TN",18411
"Lawrence, TN",22222
"Lewis, TN",19817
"Lincoln, TN",25298
"Loudon, TN",29746
"McMinn, TN",23300
"McNairy, TN",24822
"Macon, TN",22901
"Madison, TN",28133
"Marion, TN",24217
"Marshall, TN",24653
"Maury, TN",27613
"Meigs, TN",21378
"Monroe, TN",22066
"Montgomery, TN",28745
"Moore, TN",25194
"Morgan, TN",18684
"Obion, TN",26139
"Overton, TN",20476
"Perry, TN",23437
"Pickett, TN",19336
"Polk, TN",23273
"Putnam, TN",25229
"Rhea, TN",21928
"Roane, TN",26353
"Robertson, TN",27972
"Rutherford, TN",28485
"Scott, TN",18965
"Sequatchie, TN",22495
"Sevier, TN",26763
"Shelby, TN",35476
"Smith, TN",24545
"Stewart, TN",22203
"Sullivan, TN",28216
"Sumner, TN",29578
"Tipton, TN",25353
"Trousdale, TN",22292
"Unicoi, TN",25343
"Union, TN",19112
"Van Buren, TN",23431
"Warren, TN",22912
"Washington, TN",26841
"Wayne, TN",17594
"Weakley, TN",23437
"White, TN",21165
"Williamson, TN",45630
"Wilson, TN",32982
"Anderson, TX",19592
"Andrews, TX",25335
"Angelina, TX",27644
"Aransas, TX",26951
"Archer, TX",28903
"Armstrong, TX",28498
"Atascosa, TX",20820
"Austin, TX",29285
"Bailey, TX",23523
"Bandera, TX",27444
"Bastrop, TX",23066
"Baylor, TX",22442
"Bee, TX",16813
"Bell, TX",27804
"Bexar, TX",29537
"Blanco, TX",30093
"Borden, TX",28039
"Bosque, TX",23690
"Bowie, TX",26256
"Brazoria, TX",28927
"Brazos, TX",22306
"Brewster, TX",26576
"Briscoe, TX",21561
"Brooks, TX",17614
"Brown, TX",22502
"Burleson, TX",23540
"Burnet, TX",28046
"Caldwell, TX",20877
"Calhoun, TX",23768
"Callahan, TX",23017
"Cameron, TX",17094
"Camp, TX",28193
"Carson, TX",26191
"Cass, TX",24322
"Castro, TX",39906
"Chambers, TX",31503
"Cherokee, TX",24375
"Childress, TX",16854
"Clay, TX",25009
"Cochran, TX",27340
"Coke, TX",19834
"Coleman, TX",22612
"Collin, TX",41850
"Collingsworth, TX",28623
"Colorado, TX",26596
"Comal, TX",31298
"Comanche, TX",24964
"Concho, TX",17729
"Cooke, TX",27802
"Coryell, TX",23698
"Cottle, TX",29880
"Crane, TX",21358
"Crockett, TX",18442
"Crosby, TX",29804
"Culberson, TX",16735
"Dallam, TX",27782
"Dallas, TX",39031
"Dawson, TX",19716
"Deaf Smith, TX",21247
"Delta, TX",20337
"Denton, TX",32863
"DeWitt, TX",22093
"Dickens, TX",17722
"Dimmit, TX",17695
"Donley, TX",23234
"Duval, TX",19615
"Eastland, TX",25904
"Ector, TX",23641
"Edwards, TX",19942
"Ellis, TX",27326
"El Paso, TX",22244
"Erath, TX",23696
"Falls, TX",20493
"Fannin, TX",22043
"Fayette, TX",30405
"Fisher, TX",24178
"Floyd, TX",28492
"Foard, TX",22685
"Fort Bend, TX",34900
"Franklin, TX",27913
"Freestone, TX",21318
"Frio, TX",17097
"Gaines, TX",23527
"Galveston, TX",32141
"Garza, TX",23296
"Gillespie, TX",32634
"Glasscock, TX",27229
"Goliad, TX",22821
"Gonzales, TX",25443
"Gray, TX",28796
"Grayson, TX",24759
"Gregg, TX",31743
"Grimes, TX",20272
"Guadalupe, TX",26905
"Hale, TX",22034
"Hall, TX",18326
"Hamilton, TX",25163
"Hansford, TX",32585
"Hardeman, TX",23043
"Hardin, TX",26049
"Harris, TX",39796
"Harrison, TX",25133
"Hartley, TX",29724
"Haskell, TX",25663
"Hays, TX",24494
"Hemphill, TX",37755
"Henderson, TX",23760
"Hidalgo, TX",15760
"Hill, TX",23033
"Hockley, TX",23716
"Hood, TX",29505
"Hopkins, TX",24244
"Houston, TX",23599
"Howard, TX",22971
"Hudspeth, TX",16597
"Hunt, TX",25042
"Hutchinson, TX",23834
"Irion, TX",26036
"Jack, TX",21527
"Jackson, TX",23214
"Jasper, TX",22592
"Jeff Davis, TX",20641
"Jefferson, TX",27574
"Jim Hogg, TX",22739
"Jim Wells, TX",22566
"Johnson, TX",25489
"Jones, TX",19406
"Karnes, TX",16960
"Kaufman, TX",25251
"Kendall, TX",35663
"Kenedy, TX",34017
"Kent, TX",26462
"Kerr, TX",32258
"Kimble, TX",20289
"King, TX",24202
"Kinney, TX",20556
"Kleberg, TX",22852
"Knox, TX",23987
"Lamar, TX",23809
"Lamb, TX",22326
"Lampasas, TX",25436
"La Salle, TX",16074
"Lavaca, TX",26696
"Lee, TX",24280
"Leon, TX",25225
"Liberty, TX",25053
"Limestone, TX",22510
"Lipscomb, TX",28847
"Live Oak, TX",20382
"Llano, TX",26193
"Loving, TX",100711
"Lubbock, TX",25909
"Lynn, TX",28614
"McCulloch, TX",23708
"McLennan, TX",25358
"McMullen, TX",30279
"Madison, TX",20975
"Marion, TX",19967
"Martin, TX",24350
"Mason, TX",23801
"Matagorda, TX",22109
"Maverick, TX",13795
"Medina, TX",22349
"Menard, TX",19584
"Midland, TX",38134
"Milam, TX",22343
"Mills, TX",24029
"Mitchell, TX",17123
"Montague, TX",24979
"Montgomery, TX",33695
"Moore, TX",23684
"Morris, TX",24917
"Motley, TX",22363
"Nacogdoches, TX",21615
"Navarro, TX",22239
"Newton, TX",18321
"Nolan, TX",23303
"Nueces, TX",28159
"Ochiltree, TX",32051
"Oldham, TX",22530
"Orange, TX",25065
"Palo Pinto, TX",24283
"Panola, TX",25477
"Parker, TX",28979
"Parmer, TX",24129
"Pecos, TX",16842
"Polk, TX",26215
"Potter, TX",25059
"Presidio, TX",14952
"Rains, TX",21098
"Randall, TX",28894
"Reagan, TX",22655
"Real, TX",21436
"Red River, TX",20442
"Reeves, TX",17599
"Refugio, TX",27614
"Roberts, TX",28594
"Robertson, TX",25019
"Rockwall, TX",35487
"Runnels, TX",22250
"Rusk, TX",23354
"Sabine, TX",23478
"San Augustine, TX",21450
"San Jacinto, TX",22459
"San Patricio, TX",23667
"San Saba, TX",21698
"Schleicher, TX",20362
"Scurry, TX",29344
"Shackelford, TX",28324
"Shelby, TX",23387
"Sherman, TX",50387
"Smith, TX",30092
"Somervell, TX",26464
"Starr, TX",11414
"Stephens, TX",22579
"Sterling, TX",19012
"Stonewall, TX",30771
"Sutton, TX",25546
"Swisher, TX",28578
"Tarrant, TX",33270
"Taylor, TX",27703
"Terrell, TX",21045
"Terry, TX",25016
"Throckmorton, TX",28806
"Titus, TX",24641
"Tom Green, TX",27100
"Travis, TX",36093
"Trinity, TX",21575
"Tyler, TX",20844
"Upshur, TX",22986
"Upton, TX",24494
"Uvalde, TX",22161
"Val Verde, TX",20697
"Van Zandt, TX",26445
"Victoria, TX",29340
"Walker, TX",17698
"Waller, TX",25017
"Ward, TX",22269
"Washington, TX",30721
"Webb, TX",17979
"Wharton, TX",25339
"Wheeler, TX",35084
"Wichita, TX",28335
"Wilbarger, TX",24515
"Willacy, TX",17187
"Williamson, TX",28932
"Wilson, TX",24760
"Winkler, TX",23365
"Wise, TX",23865
"Wood, TX",22148
"Yoakum, TX",28716
"Young, TX",27474
"Zapata, TX",14130
"Zavala, TX",14035
"Beaver, UT",27420
"Box Elder, UT",22206
"Cache, UT",21252
"Carbon, UT",24491
"Daggett, UT",18039
"Davis, UT",27315
"Duchesne, UT",23171
"Emery, UT",21129
"Garfield, UT",22293
"Grand, UT",22594
"Iron, UT",19793
"Juab, UT",20027
"Kane, UT",25308
"Millard, UT",22697
"Morgan, UT",23653
"Piute, UT",21174
"Rich, UT",24032
"Salt Lake, UT",30585
"San Juan, UT",15071
"Sanpete, UT",16878
"Sevier, UT",19722
"Summit, UT",49087
"Tooele, UT",21065
"Uintah, UT",21305
"Utah, UT",19679
"Wasatch, UT",23333
"Washington, UT",21449
"Wayne, UT",21810
"Weber, UT",25952
"Addison, VT",29662
"Bennington, VT",34313
"Caledonia, VT",26583
"Chittenden, VT",36618
"Essex, VT",19446
"Franklin, VT",27649
"Grand Isle, VT",30763
"Lamoille, VT",32182
"Orange, VT",27161
"Orleans, VT",25824
"Rutland, VT",30821
"Washington, VT",33194
"Windham, VT",31853
"Windsor, VT",33191
"Accomack, VA",21701
"Albemarle, VA",37880
"Alleghany, VA",24724
"Amelia, VA",28554
"Amherst, VA",24035
"Appomattox, VA",24920
"Arlington, VA",57328
"Augusta, VA",27775
"Bath, VA",31768
"Bedford, VA",31028
"Bland, VA",20952
"Botetourt, VA",31026
"Brunswick, VA",19798
"Buchanan, VA",21958
"Buckingham, VA",19585
"Campbell, VA",26725
"Caroline, VA",27540
"Carroll, VA",22769
"Charles City, VA",29235
"Charlotte, VA",21705
"Chesterfield, VA",36497
"Clarke, VA",34385
"Craig, VA",24357
"Culpeper, VA",29319
"Cumberland, VA",22394
"Dickenson, VA",19375
"Dinwiddie, VA",27962
"Essex, VA",25208
"Fairfax, VA",57799
"Fauquier, VA",43795
"Floyd, VA",22779
"Fluvanna, VA",26536
"Franklin, VA",26892
"Frederick, VA",30396
"Giles, VA",22818
"Gloucester, VA",28612
"Goochland, VA",51683
"Grayson, VA",20683
"Greene, VA",25666
"Greensville, VA",19377
"Halifax, VA",21891
"Hanover, VA",35952
"Henrico, VA",38966
"Henry, VA",24239
"Highland, VA",27765
"Isle of Wight, VA",30739
"James City, VA",40748
"King and Queen, VA",26722
"King George, VA",32617
"King William, VA",31324
"Lancaster, VA",37618
"Lee, VA",21749
"Loudoun, VA",39091
"Louisa, VA",29837
"Lunenburg, VA",20264
"Madison, VA",26583
"Mathews, VA",40668
"Mecklenburg, VA",23007
"Middlesex, VA",30928
"Montgomery, VA",21578
"Nelson, VA",28544
"New Kent, VA",30215
"Northampton, VA",24973
"Northumberland, VA",29452
"Nottoway, VA",23486
"Orange, VA",28527
"Page, VA",22462
"Patrick, VA",20043
"Pittsylvania, VA",24911
"Powhatan, VA",30754
"Prince Edward, VA",18490
"Prince George, VA",25579
"Prince William, VA",35060
"Pulaski, VA",26133
"Rappahannock, VA",32025
"Richmond, VA",20670
"Roanoke, VA",34325
"Rockbridge, VA",26185
"Rockingham, VA",25094
"Russell, VA",20739
"Scott, VA",21484
"Shenandoah, VA",26863
"Smyth, VA",22659
"Southampton, VA",25930
"Spotsylvania, VA",31862
"Stafford, VA",32205
"Surry, VA",24223
"Sussex, VA",22036
"Tazewell, VA",24072
"Warren, VA",29553
"Washington, VA",25999
"Westmoreland, VA",27188
"Wise, VA",22766
"Wythe, VA",22907
"York, VA",36180
"Alexandria, VA",58396
"Bedford, VA",0
"Bristol, VA",0
"Buena Vista, VA",0
"Charlottesville, VA",0
"Chesapeake, VA",32350
"Clifton Forge, VA",0
"Colonial Heights, VA",0
"Covington, VA",0
"Danville, VA",0
"Emporia, VA",0
"Fairfax, VA",0
"Falls Church, VA",0
"Franklin, VA",0
"Fredericksburg, VA",0
"Galax, VA",0
"Hampton, VA",28630
"Harrisonburg, VA",0
"Hopewell, VA",0
"Lexington, VA",0
"Lynchburg, VA",0
"Manassas, VA",0
"Manassas Park, VA",0
"Martinsville, VA",0
"Newport News, VA",26343
"Norfolk, VA",28131
"Norton, VA",0
"Petersburg, VA",0
"Poquoson, VA",0
"Portsmouth, VA",26448
"Radford, VA",0
"Richmond, VA",36950
"Roanoke, VA",30728
"Salem, VA",0
"South Boston, VA",0
"Staunton, VA",0
"Suffolk, VA",28592
"Virginia Beach, VA",36045
"Waynesboro, VA",0
"Williamsburg, VA",0
"Winchester, VA",0
"Adams, WA",23102
"Asotin, WA",26751
"Benton, WA",30870
"Chelan, WA",28871
"Clallam, WA",28761
"Clark, WA",29626
"Columbia, WA",27658
"Cowlitz, WA",25179
"Douglas, WA",23814
"Ferry, WA",19317
"Franklin, WA",20509
"Garfield, WA",25222
"Grant, WA",22276
"Grays Harbor, WA",24172
"Island, WA",30253
"Jefferson, WA",34655
"King, WA",49670
"Kitsap, WA",34639
"Kittitas, WA",24185
"Klickitat, WA",25194
"Lewis, WA",24560
"Lincoln, WA",24168
"Mason, WA",26039
"Okanogan, WA",25626
"Pacific, WA",23832
"Pend Oreille, WA",22403
"Pierce, WA",31604
"San Juan, WA",44271
"Skagit, WA",30771
"Skamania, WA",25134
"Snohomish, WA",33349
"Spokane, WA",27994
"Stevens, WA",21783
"Thurston, WA",32973
"Wahkiakum, WA",24934
"Walla Walla, WA",24939
"Whatcom, WA",28089
"Whitman, WA",21499
"Yakima, WA",24643
"Barbour, WV",20176
"Berkeley, WV",25769
"Boone, WV",20639
"Braxton, WV",18604
"Brooke, WV",25017
"Cabell, WV",26829
"Calhoun, WV",18041
"Clay, WV",15818
"Doddridge, WV",19315
"Fayette, WV",21365
"Gilmer, WV",20468
"Grant, WV",23453
"Greenbrier, WV",24695
"Hampshire, WV",20818
"Hancock, WV",25585
"Hardy, WV",22344
"Harrison, WV",28091
"Jackson, WV",21893
"Jefferson, WV",30752
"Kanawha, WV",33079
"Lewis, WV",22936
"Lincoln, WV",17890
"Logan, WV",23854
"McDowell, WV",17204
"Marion, WV",25659
"Marshall, WV",24674
"Mason, WV",20817
"Mercer, WV",24560
"Mineral, WV",23133
"Mingo, WV",21116
"Monongalia, WV",28029
"Monroe, WV",20499
"Morgan, WV",29339
"Nicholas, WV",21903
"Ohio, WV",31333
"Pendleton, WV",23659
"Pleasants, WV",26677
"Pocahontas, WV",23700
"Preston, WV",22115
"Putnam, WV",28321
"Raleigh, WV",25447
"Randolph, WV",24494
"Ritchie, WV",22527
"Roane, WV",19086
"Summers, WV",18339
"Taylor, WV",20279
"Tucker, WV",22979
"Tyler, WV",20551
"Upshur, WV",20577
"Wayne, WV",20647
"Webster, WV",17696
"Wetzel, WV",24082
"Wirt, WV",17818
"Wood, WV",27096
"Wyoming, WV",20163
"Adams, WI",23945
"Ashland, WI",24290
"Barron, WI",25413
"Bayfield, WI",24564
"Brown, WI",32747
"Buffalo, WI",31963
"Burnett, WI",24325
"Calumet, WI",32935
"Chippewa, WI",25948
"Clark, WI",23333
"Columbia, WI",32573
"Crawford, WI",23677
"Dane, WI",37696
"Dodge, WI",26726
"Door, WI",33844
"Douglas, WI",24922
"Dunn, WI",24116
"Eau Claire, WI",28054
"Florence, WI",25258
"Fond du Lac, WI",30904
"Forest, WI",22395
"Grant, WI",24965
"Green, WI",29979
"Green Lake, WI",28992
"Iowa, WI",29695
"Iron, WI",24407
"Jackson, WI",26171
"Jefferson, WI",30169
"Juneau, WI",23347
"Kenosha, WI",29541
"Kewaunee, WI",28712
"La Crosse, WI",28904
"Lafayette, WI",24376
"Langlade, WI",24756
"Lincoln, WI",26069
"Manitowoc, WI",29442
"Marathon, WI",30822
"Marinette, WI",26317
"Marquette, WI",23864
"Menominee, WI",18363
"Milwaukee, WI",31428
"Monroe, WI",25307
"Oconto, WI",26544
"Oneida, WI",30136
"Outagamie, WI",32032
"Ozaukee, WI",50753
"Pepin, WI",26326
"Pierce, WI",28454
"Polk, WI",26190
"Portage, WI",28872
"Price, WI",26184
"Racine, WI",32447
"Richland, WI",24323
"Rock, WI",27867
"Rusk, WI",21670
"St. Croix, WI",32355
"Sauk, WI",30560
"Sawyer, WI",25477
"Shawano, WI",25775
"Sheboygan, WI",32838
"Taylor, WI",24137
"Trempealeau, WI",26733
"Vernon, WI",22374
"Vilas, WI",28143
"Walworth, WI",28730
"Washburn, WI",24372
"Washington, WI",35865
"Waukesha, WI",43768
"Waupaca, WI",28800
"Waushara, WI",22803
"Winnebago, WI",31549
"Wood, WI",31649
"Albany, WY",27911
"Big Horn, WY",23755
"Campbell, WY",34350
"Carbon, WY",28994
"Converse, WY",32571
"Crook, WY",33263
"Fremont, WY",27701
"Goshen, WY",26122
"Hot Springs, WY",31708
"Johnson, WY",32237
"Laramie, WY",35169
"Lincoln, WY",28725
"Natrona, WY",38081
"Niobrara, WY",31464
"Park, WY",32954
"Platte, WY",29499
"Sheridan, WY",38033
"Sublette, WY",39001
"Sweetwater, WY",35291
"Teton, WY",89413
"Uinta, WY",30514
"Washakie, WY",33994
"Weston, WY",32820
